#log_version="1.01", unit_software_part_number="006-B1177-69", unit_software_version="20.83", system_software_part_number="006-B2501-10"
First name,Last name,From,Access,Qty
どーもありがとう,ミスター·ロボット,VIP,VIP,2
Meghan,Koch,VIP,VIP,5
Genoveva,Dare,Zach Graves,vip,5
Eulalia,Stiedemann,VIP,GA,2
Kaylie,Lakin,Vans,VIP,1
Grace,Nienow,Vans,VIP,5
Alberto,Upton,Vans,VIP,5
Saige,Larson,Fan Club,VIP,4
Virginie,Lindgren,Zach Graves,VIP,5 passes
Ahmad,Bins,Vans,VIP,4
Sydni,Turcotte,Vans,VIP,5
Aylin,McLaughlin,Fan Club,GA,1
Jimmy,Hoppe,Zach Graves,GA,5
Isabell,Hills,Vans,VIP,4
Chad,Anderson,Zach Graves,GA,4
Arnold,Yundt,VIP,VIP,5
Cary,Halvorson,Vans,GA,1
Jedidiah,Feest,Zach Graves,GA,0
Carol,Reilly,Zach Graves,VIP,2
Heidi,Wunsch,Zach Graves,VIP,2 passes
